date,open,high,low,close,volume,amount
2024-04-22 08:45:57.379251,1724.8389980907311,1752.9263354570521,1696.8428960491633,1716.888281202382,4678621,15359725520.813059
2024-04-23 08:45:57.379251,1728.4865427399639,1735.887136981493,1697.9849824379214,1712.1405940345933,5556766,14652233821.955975
2024-04-24 08:45:57.379251,1722.1914573280885,1735.8705422972198,1713.0339994390351,1734.3192708020556,7227018,4899389504.5220585
2024-04-25 08:45:57.379251,1792.178217203673,1804.4902447388697,1787.0572115959983,1787.1476714015616,6000546,15592724035.460257
2024-04-26 08:45:57.379251,1772.991593694376,1797.4081058163945,1774.2375274330916,1778.7783382338093,7971138,16280291864.803337
2024-04-29 08:45:57.379251,1766.1366305748065,1780.8984691177193,1758.4125275625215,1770.4487832897855,9607009,13790747916.147722
2024-04-30 08:45:57.379251,1820.9574476031898,1850.891363008352,1807.2892046912425,1826.3670914451995,9547900,10528662925.168385
2024-05-01 08:45:57.379251,1846.3885221218486,1872.0673756487604,1827.8266804408083,1854.39944212834,8545189,4762368509.704128
2024-05-02 08:45:57.379251,1837.433249480719,1865.9078109009774,1834.5515460575664,1836.9875813409135,9852545,2725088412.478085
2024-05-03 08:45:57.379251,1849.2060585531024,1871.829445972797,1815.7662507766652,1856.9211025848974,3681206,9352206725.664091
2024-05-06 08:45:57.379251,1842.1983120349007,1876.0648561650687,1808.2048389455158,1839.710500723004,7643433,18279045265.267143
2024-05-07 08:45:57.379251,1822.116528913704,1827.9764419037508,1817.2799609355793,1822.5743423601575,1187771,5807210304.683214
2024-05-08 08:45:57.379251,1829.2061865518415,1888.4035386418386,1811.702463024479,1831.394226919666,1237199,9973727174.948828
2024-05-09 08:45:57.379251,1753.3222923929216,1779.5229697851796,1712.0014399700922,1761.314819028751,8290213,6819205086.981578
2024-05-10 08:45:57.379251,1695.6482030140278,1744.8338121613506,1698.4433097066023,1700.5523522285075,3857281,9707720440.808739
2024-05-13 08:45:57.379251,1687.779045786356,1686.4199566935883,1678.3577189101577,1681.4283646189176,3274316,8164903482.889034
2024-05-14 08:45:57.379251,1651.49428062488,1663.4651857211477,1609.9701680565065,1647.3683051329365,1751518,5480347914.366589
2024-05-15 08:45:57.379251,1649.6193532257266,1669.7541494062245,1642.036271626881,1657.7219270467372,9227323,12756556477.833645
2024-05-16 08:45:57.379251,1628.425273335668,1635.4379390249492,1602.6121419015221,1627.61689864118,1513313,15095230386.583008
2024-05-17 08:45:57.379251,1587.5852425728024,1591.70629844225,1537.6554202080251,1581.6431112350438,3332214,7761326778.791709
2024-05-20 08:45:57.379251,1614.4167696046106,1640.7734647348047,1598.1880281621786,1628.005776812142,6081820,1783571496.821203
2024-05-21 08:45:57.379251,1625.0574700178654,1634.6010165580035,1606.5037856681379,1620.6544743829547,6266662,10371976330.314766
2024-05-22 08:45:57.379251,1617.4665995786702,1623.4361274173866,1617.3300491835214,1622.8432721244455,3250397,7254096443.650095
2024-05-23 08:45:57.379251,1581.0984424349099,1627.2629769036846,1553.9106275171234,1576.600411955085,9291860,11255906880.892773
2024-05-24 08:45:57.379251,1553.4836664480154,1599.844798874484,1550.7284476754971,1559.4349314001324,9843026,2577363880.046226
2024-05-27 08:45:57.379251,1548.7902614175637,1573.1233803302953,1537.3704747877919,1562.894462621631,8726360,7293003198.287672
2024-05-28 08:45:57.379251,1514.4912231254095,1527.7872551061303,1483.7527345459991,1526.9168328483033,8846613,10154534413.16638
2024-05-29 08:45:57.379251,1538.7598924254808,1541.159850350307,1502.7783686537211,1538.3900254138985,2472542,2681549192.6186614
2024-05-30 08:45:57.379251,1521.8834677655377,1533.8970727380954,1508.7645893985518,1519.9096940249233,9333648,1610766855.7143452
2024-05-31 08:45:57.379251,1504.2104255511556,1534.2249799273645,1485.6658841061617,1511.0427308649776,5473014,9071334999.808302
2024-06-03 08:45:57.379251,1497.625284171135,1498.6220446397767,1489.7037940441987,1492.8586428145252,1562621,13547754883.604815
2024-06-04 08:45:57.379251,1535.3009180390402,1586.9110204332114,1507.0949618920051,1548.1624327473444,4529801,13478477081.853281
2024-06-05 08:45:57.379251,1547.2331415921474,1557.0129457946662,1540.2417989666778,1547.744514821632,5808163,4911787338.465142
2024-06-06 08:45:57.379251,1505.8297220273048,1529.7107477393165,1511.6489132161455,1515.0031890504642,7284851,15014836035.920156
2024-06-07 08:45:57.379251,1534.9074543508468,1551.0874258458387,1529.1614239941773,1539.9263523499355,2598099,12186148672.119825
2024-06-10 08:45:57.379251,1502.6822074969496,1537.795788671729,1466.3897039976025,1502.3261661761464,2195885,3022575083.5147743
2024-06-11 08:45:57.379251,1502.111685335317,1536.3396751741755,1496.9795204450359,1508.6017910548917,4898190,10352091868.697474
2024-06-12 08:45:57.379251,1446.6875365000835,1481.3131657727263,1437.8925092008517,1449.4745538796558,8386133,13451244166.391178
2024-06-13 08:45:57.379251,1418.0703667072682,1415.7215417604525,1386.2103333114276,1410.9711162657309,4388445,3930708733.173166
2024-06-14 08:45:57.379251,1412.4405137277959,1438.7750628739946,1355.4968966807637,1416.5264266202053,3742974,5597715810.603598
2024-06-17 08:45:57.379251,1443.4538931352297,1473.7559417868242,1436.854306631816,1437.4475751349923,9197590,4431597688.580901
2024-06-18 08:45:57.379251,1434.2269332469652,1452.3024760941112,1404.0304829642246,1442.3742335400236,9182535,10043048413.372255
2024-06-19 08:45:57.379251,1442.8501133988882,1462.3220132809827,1403.1788426414892,1439.0380714866244,9066513,7563794203.292135
2024-06-20 08:45:57.379251,1440.6819753747868,1431.1982994512812,1420.56481202354,1430.372077858258,3584182,1843941278.2177277
2024-06-21 08:45:57.379251,1370.9212024490353,1391.6696419153623,1375.5366107131929,1388.0753464278384,5363089,11982261991.838833
2024-06-24 08:45:57.379251,1362.640258774451,1386.225299684391,1358.471496120128,1368.0913864490074,3797921,7284621481.769571
2024-06-25 08:45:57.379251,1359.3985379346298,1368.7507000519831,1335.1879834906188,1355.4874677527166,9657768,5240408078.967278
2024-06-26 08:45:57.379251,1382.7405642655294,1416.8751347688813,1377.8799265458545,1384.1457863431685,1441904,2404385803.9988546
2024-06-27 08:45:57.379251,1396.2443948378889,1424.525029712281,1377.6433322288606,1393.6581424955011,6070414,6739170526.53496
2024-06-28 08:45:57.379251,1340.456296473535,1372.3499739303888,1319.772155151669,1344.5166371341452,6092792,8042954993.035216
2024-07-01 08:45:57.379251,1353.8172429883198,1365.9293289149605,1351.1983883465048,1353.2313629077407,1578526,2777405880.0159197
2024-07-02 08:45:57.379251,1341.7640303625362,1350.781584239652,1338.7068295749325,1342.8092545245527,7612208,9807631718.1445
2024-07-03 08:45:57.379251,1332.3641060725427,1334.44581794308,1307.1846846770636,1324.6297119925105,8587676,2354618063.257391
2024-07-04 08:45:57.379251,1342.540285071937,1346.077409801385,1324.203956841429,1340.834603718909,1837393,4982818940.182436
2024-07-05 08:45:57.379251,1370.7926172870787,1379.7788458620828,1363.8336140984925,1368.4826004425136,6134544,10336013601.36486
2024-07-08 08:45:57.379251,1391.100689642781,1408.0147698558826,1386.289958004882,1393.9714132254846,1814422,3833053377.916991
2024-07-09 08:45:57.379251,1367.233005184009,1371.099864862814,1351.7924714875453,1370.5745084884793,6305431,10583076094.852438
2024-07-10 08:45:57.379251,1359.152602114589,1386.0591236999062,1345.6884033885742,1362.0985364874628,3263429,1432528565.51362
2024-07-11 08:45:57.379251,1373.8270168294484,1382.3029437226296,1340.4229151204013,1371.1228051895946,4135812,13257991068.535278
2024-07-12 08:45:57.379251,1394.93223094938,1405.645734303926,1392.189696487295,1397.8746486153757,3938687,9930680431.71865
2024-07-15 08:45:57.379251,1386.4840730002115,1400.504138141179,1384.0343999498275,1384.478138228305,6153435,3983344353.0128765
2024-07-16 08:45:57.379251,1393.6507112431088,1438.273839604886,1363.8774679901,1379.3373223411672,2416842,10603884635.49323
2024-07-17 08:45:57.379251,1354.6920795830267,1372.0592629243595,1299.7692877126146,1348.81713992801,4689024,2399274579.6868043
2024-07-18 08:45:57.379251,1314.4017320610096,1350.9041067652931,1299.089538858351,1316.5478599789012,5396650,10637313060.819387
2024-07-19 08:45:57.379251,1345.9782180776322,1345.2163194086754,1323.1546217792006,1337.9424426319147,4702418,2514607965.2865357
2024-07-22 08:45:57.379251,1371.4299095798347,1397.3141888592656,1368.4347167239341,1374.2338645643392,4641771,12711598658.228504
2024-07-23 08:45:57.379251,1358.2705598539521,1398.9041805101547,1370.8757647229138,1372.2546896109973,7428099,3873523691.571305
2024-07-24 08:45:57.379251,1392.7411644381657,1424.1705674790699,1388.9635935606534,1399.7967441172223,5079441,12832926409.620667
2024-07-25 08:45:57.379251,1396.7327378713303,1419.8124094877512,1376.875087530318,1409.9210827255654,6356430,6828443782.670412
2024-07-26 08:45:57.379251,1389.2836650471527,1398.963320142157,1380.6852488192371,1391.7297238675553,7775602,7581301539.147502
2024-07-29 08:45:57.379251,1401.9181174017172,1402.7756152798624,1385.0881513421937,1401.789023992779,1960652,4711715696.0689125
2024-07-30 08:45:57.379251,1457.0205770091427,1455.2482888787006,1417.7240669015823,1444.9090795402099,3188370,12203923156.885782
2024-07-31 08:45:57.379251,1446.233981458221,1445.5375888607714,1437.5158631733734,1443.8737721563311,7985945,5151145299.185889
2024-08-01 08:45:57.379251,1487.425465318506,1517.7134540112327,1458.7563218963912,1489.0567309043438,4994528,1882520614.3083148
2024-08-02 08:45:57.379251,1416.889362217,1432.1243006535137,1401.165494605127,1411.0377492943733,3076475,7717463547.216429
2024-08-05 08:45:57.379251,1418.3760483411427,1444.8548842650994,1433.4656859309364,1434.232458492634,3141912,8376420973.189913
2024-08-06 08:45:57.379251,1438.42194488814,1470.2751771380608,1401.92176328606,1436.7293731063098,4144311,5049700025.514836
2024-08-07 08:45:57.379251,1433.6420277747245,1437.3086301079309,1403.1864006414792,1428.1375202425295,1285622,4154324942.146217
2024-08-08 08:45:57.379251,1420.1809614967678,1462.9668319118337,1414.9931136980363,1430.7584603996684,2962889,7158057392.968793
2024-08-09 08:45:57.379251,1381.740765577988,1391.405428269257,1357.1859486577084,1373.8838395958162,2396436,3324688981.1147075
2024-08-12 08:45:57.379251,1370.1628242362794,1375.0013121113745,1363.7325445347471,1367.847766461547,3195690,12804117911.79462
2024-08-13 08:45:57.379251,1374.756740097887,1384.8344308529645,1353.8815392275303,1377.6172791279005,6170080,4380052859.567691
2024-08-14 08:45:57.379251,1422.8242153860945,1425.1795286684935,1396.7250656802016,1418.3367265830232,5705815,5301666093.784105
2024-08-15 08:45:57.379251,1419.5712137874837,1447.3600381176693,1402.336452859031,1403.6350928855888,3982410,4334512192.206457
2024-08-16 08:45:57.379251,1382.1942235786576,1388.8499335352212,1372.0559548414867,1380.9384930177011,7674192,3914832200.425332
2024-08-19 08:45:57.379251,1368.7772684214403,1375.8991044766685,1352.867612464119,1367.0805807051283,2404355,12785087969.618238
2024-08-20 08:45:57.379251,1388.9117473213344,1413.6231552279507,1388.424761325263,1392.1091498780652,6056093,6768120070.039281
2024-08-21 08:45:57.379251,1395.308024061525,1406.2813921211405,1393.547764333115,1401.2622984338616,3464722,6493162232.171335
2024-08-22 08:45:57.379251,1392.171591224855,1391.8027396485052,1369.2048780572252,1386.4156384188739,7559442,6207099272.114925
2024-08-23 08:45:57.379251,1394.652319221953,1404.7729327420066,1398.8378198911842,1400.647678338063,6630761,7462373501.944889
2024-08-26 08:45:57.379251,1403.869275736831,1404.8743500047838,1380.7980378635004,1403.367107220325,3901092,6174467236.726839
2024-08-27 08:45:57.379251,1427.1378227810292,1431.353124097984,1367.8671358702757,1430.554397586077,2722907,6868071635.049189
2024-08-28 08:45:57.379251,1413.8458231026636,1425.8623664291695,1401.2315909516992,1410.4678947703737,3870574,8932336615.644457
2024-08-29 08:45:57.379251,1403.562434018569,1402.3165739257092,1382.2255178509947,1401.2247560082196,7882799,2415512505.4428177
2024-08-30 08:45:57.379251,1397.4482505319224,1405.5142634915564,1340.9606125632718,1390.2361229841908,8952017,1452540945.0718503
2024-09-02 08:45:57.379251,1346.1020494660488,1351.1774540713955,1329.103363456445,1349.5434960357788,7921983,1355127907.0223749
2024-09-03 08:45:57.379251,1355.7042151602625,1359.1372914878098,1344.9281765611934,1357.536039914915,7526925,7010261808.679024
2024-09-04 08:45:57.379251,1357.9456570318746,1405.5257642516858,1322.5082669978062,1364.6238787227946,6365986,11028760548.569147
2024-09-05 08:45:57.379251,1361.7316616388646,1383.5219952332852,1364.3377602440164,1364.763437623537,7759291,6638269410.192139
2024-09-06 08:45:57.379251,1360.9228688622172,1365.420161720766,1343.526964162464,1358.3603187721906,9343528,10388010278.478533
2024-09-09 08:45:57.379251,1324.9044288394105,1339.6678823728953,1316.2875508058687,1319.908649725142,6532388,10675640263.812801
2024-09-10 08:45:57.379251,1302.7697116406587,1365.6638576690905,1281.8127174997712,1308.8043817254534,9020364,1598772610.105491
2024-09-11 08:45:57.379251,1305.4851708518806,1340.5515461721914,1287.2387687312607,1299.8334565072303,8451747,12260512699.822016
2024-09-12 08:45:57.379251,1287.6460674536563,1281.6548984784251,1263.6446978238614,1278.97691978864,4881857,3706412443.678409
2024-09-13 08:45:57.379251,1277.4866458654444,1296.0428303980434,1265.619912590561,1274.8513057343898,5537871,8749094160.78967
2024-09-16 08:45:57.379251,1297.2132535895435,1305.1999805664568,1266.7757984348918,1285.1534009822522,1291464,12472503717.270826
2024-09-17 08:45:57.379251,1328.4744069346696,1345.8924087315247,1331.180205631214,1333.6341654987618,5739400,4210656478.045931
2024-09-18 08:45:57.379251,1329.9620756142501,1359.43726678731,1305.676244988405,1338.2906242133738,1118581,2420032274.055668
2024-09-19 08:45:57.379251,1333.2206380711618,1357.7704316486647,1338.665152820514,1345.1841696767092,6370807,8711977660.177633
2024-09-20 08:45:57.379251,1353.2285940472736,1381.7446671703533,1338.096952752066,1343.1813003289944,4852256,9800515641.944006
2024-09-23 08:45:57.379251,1295.8621596878231,1295.3305322332367,1285.982438259095,1291.6361480090104,9727148,6905935452.205412
2024-09-24 08:45:57.379251,1290.5924369156344,1295.1616509112816,1260.6811761297263,1290.9512224099299,1501590,1436744798.7127953
2024-09-25 08:45:57.379251,1294.315613750262,1309.3748281231856,1275.3849333129626,1292.5063076729175,4360492,11891383742.180374
2024-09-26 08:45:57.379251,1348.5495903158305,1366.2649455799065,1354.5980066133639,1356.1814270271732,1872328,4272249512.328136
2024-09-27 08:45:57.379251,1367.484512832827,1354.0120573329084,1347.3065719545946,1350.9638996727494,5809479,8679187866.577497
2024-09-30 08:45:57.379251,1359.9896211100572,1366.551831527515,1294.0146533247228,1359.1114911434488,4110691,7176992095.706653
2024-10-01 08:45:57.379251,1358.9108303602277,1407.1315780399718,1352.0815984747605,1358.1679478417623,2358097,7501888195.782148
2024-10-02 08:45:57.379251,1331.236093522397,1327.5691300290773,1311.4648357811564,1326.422726800933,9313157,7630895356.635774
2024-10-03 08:45:57.379251,1360.0030723238121,1360.8326368385785,1348.06320348339,1356.7400498785198,2294315,7204992456.200777
2024-10-04 08:45:57.379251,1378.6852053433183,1398.8471327916839,1353.4199831553317,1377.1436030839748,7087595,3759719093.625513
2024-10-07 08:45:57.379251,1393.4017991117269,1422.1292105373136,1396.5540326465666,1398.9308947980826,3575508,4233318770.0574255
2024-10-08 08:45:57.379251,1376.7252701348903,1397.9430598171957,1343.8556385108866,1373.4874906809994,5510784,9121850977.371485
2024-10-09 08:45:57.379251,1425.3091984639323,1425.550415362497,1392.552328649064,1412.0218994423833,1164074,13873326965.306332
2024-10-10 08:45:57.379251,1381.6655058619385,1395.963476550936,1358.6782664431764,1372.4330114339978,3570466,8948191868.033072
2024-10-11 08:45:57.379251,1399.6024807670385,1422.5627632884823,1349.5241781798832,1388.541452404512,4287093,11009588270.931253
2024-10-14 08:45:57.379251,1445.6675121241904,1474.29443865317,1425.8913461673885,1449.3722211263087,2017481,8068221792.716043
2024-10-15 08:45:57.379251,1413.6296489645345,1427.108231888423,1411.1267255977575,1420.6591044530896,4594804,12966828725.825132
2024-10-16 08:45:57.379251,1403.6854020382607,1420.4602686465782,1377.5796500440197,1404.5687839452637,9451115,5591127630.324961
2024-10-17 08:45:57.379251,1407.760255206276,1408.7221218504035,1405.9356626365982,1407.3681278788563,3338377,12999551183.59699
2024-10-18 08:45:57.379251,1400.8187357080492,1400.0670762665875,1375.3753951262977,1393.1966161035346,1806564,13674617668.501932
2024-10-21 08:45:57.379251,1338.5649917430528,1356.4964659646307,1340.1732753807169,1349.9890352059977,4918949,8373189541.819138
2024-10-22 08:45:57.379251,1362.178758695735,1360.395762171705,1334.6781359837398,1351.8402204901827,7047511,1463244021.2205582
2024-10-23 08:45:57.379251,1322.0736065555864,1355.1459014977604,1310.346528345204,1323.118922758362,1737954,11065614024.326553
2024-10-24 08:45:57.379251,1332.8004836007894,1344.7377601157846,1315.0162772414944,1335.6513048913328,3908056,10373851420.842224
2024-10-25 08:45:57.379251,1304.4558981513899,1315.892373740225,1304.5068889528916,1311.090701327271,8840130,12078306398.905067
2024-10-28 08:45:57.379251,1340.5481728932007,1371.2806166599817,1343.5484200795645,1351.732793048985,9357998,8675089891.25409
2024-10-29 08:45:57.379251,1336.0341900852957,1354.2976985678656,1311.4951227290971,1330.5578098386957,6934261,8157788310.133266
2024-10-30 08:45:57.379251,1322.472007662921,1346.3306111236693,1313.5874912392194,1321.9873805259767,5510579,5948547938.140118
2024-10-31 08:45:57.379251,1334.8312802060882,1355.5356446053122,1301.931643098598,1343.496570430043,8563493,3933376405.193164
2024-11-01 08:45:57.379251,1301.9378234843032,1324.2058274795231,1289.4395301176476,1310.4233306741683,3535232,8179248336.295665
2024-11-04 08:45:57.379251,1314.1745975615709,1322.260327452913,1315.9064749405889,1316.3847067761455,8704694,8006063543.599448
2024-11-05 08:45:57.379251,1362.0713224479323,1378.6733072944703,1322.1843747461269,1350.7987614023584,3378907,9130616163.79833
2024-11-06 08:45:57.379251,1305.6741230904977,1310.3137090779494,1305.8092214374308,1307.371034157951,7990607,8244922353.206777
2024-11-07 08:45:57.379251,1302.3366219338773,1314.67045227707,1303.2947078588575,1312.1987333293498,5532688,10396525632.392506
2024-11-08 08:45:57.379251,1317.3983918330848,1322.443366402532,1297.9993306143997,1319.0190907978874,8579751,11630066998.55495
2024-11-11 08:45:57.379251,1337.8171143666443,1339.956932303274,1331.0371919662077,1339.6438766678216,8133131,7894643272.796249
2024-11-12 08:45:57.379251,1288.88496329422,1327.9866983653471,1302.834841264073,1306.502407756467,3363162,6271623105.489485
2024-11-13 08:45:57.379251,1271.653497841038,1299.4749580667967,1253.1911021050914,1271.9988128698158,5881909,9501478788.466358
2024-11-14 08:45:57.379251,1283.7929197129786,1316.0177040233239,1262.385194282427,1285.276993906858,6680820,9128737686.688185
2024-11-15 08:45:57.379251,1297.4118101102176,1309.3368317706272,1242.6900098556555,1292.9111452678494,3692794,4205375800.455163
2024-11-18 08:45:57.379251,1311.401006155823,1318.71150168186,1288.0909155121203,1299.3884452282912,3345704,1746541793.3309221
2024-11-19 08:45:57.379251,1315.7618038131554,1350.6540327146154,1301.9978224985568,1308.3918612340992,9811940,7990852827.423219
2024-11-20 08:45:57.379251,1288.8619502099612,1302.9667175460986,1286.8340078162594,1290.5970850110737,9220038,11711450974.496227
2024-11-21 08:45:57.379251,1289.418440674931,1322.3246186004994,1289.7233150322645,1296.5920039018545,9277983,2771350011.6518664
2024-11-22 08:45:57.379251,1320.972687626317,1336.3144557892952,1297.5701940438444,1304.1919124107108,1292575,3482658002.649328
2024-11-25 08:45:57.379251,1285.9395294907133,1305.0315755506097,1279.8625469563142,1285.5588855705287,2459700,8920922483.64168
2024-11-26 08:45:57.379251,1333.6230212493551,1347.2951840459432,1330.1604287428106,1333.5301455959916,9417944,9859327112.569986
2024-11-27 08:45:57.379251,1346.0051732285465,1391.6498952986797,1319.5619494760147,1346.167555276225,4201078,5830146680.832019
2024-11-28 08:45:57.379251,1315.3951826019606,1333.4456501694112,1294.2533046989993,1314.0936729477987,3607622,6774782334.915244
2024-11-29 08:45:57.379251,1330.3881612635214,1337.8360915152114,1308.5854868180322,1331.3491318089339,2886963,8932866732.004835
2024-12-02 08:45:57.379251,1301.652018594116,1354.3370244821622,1279.6059428682697,1305.3962998999893,6304120,12644843966.233437
2024-12-03 08:45:57.379251,1322.3199208736155,1371.5104195730678,1323.5971601026006,1325.9454464886621,3772605,3070654961.723713
2024-12-04 08:45:57.379251,1356.4479602168196,1384.9480091704409,1313.4902794825255,1356.6701371347974,2447947,6014623399.209571
2024-12-05 08:45:57.379251,1330.7764971260833,1367.3365897054648,1322.2360480120358,1334.4022332671511,6813775,2362815359.228278
2024-12-06 08:45:57.379251,1355.2651048584507,1380.975026332409,1333.6519740325018,1360.1128584339488,8242447,9340580495.746576
2024-12-09 08:45:57.379251,1372.0711922667176,1421.5274347190032,1370.8710325435195,1371.3414313628011,9278499,13462942915.21389
2024-12-10 08:45:57.379251,1392.1108861575979,1422.8307521887757,1372.9942046246586,1393.8879344922645,7472652,8129281277.760925
2024-12-11 08:45:57.379251,1457.6459031899083,1459.003941973928,1435.8119015859443,1446.7662715472832,7606470,2421614746.5111012
2024-12-12 08:45:57.379251,1420.5833325567155,1452.5095996024831,1421.5127069181647,1439.6658865538536,2498339,5662172819.500916
2024-12-13 08:45:57.379251,1425.701905095092,1436.115001095732,1406.334599491427,1417.9633216881052,1676296,12474813079.2888
2024-12-16 08:45:57.379251,1401.4146918947797,1408.5921678192337,1387.7458001202515,1392.7373449816791,1379039,11117180457.454699
2024-12-17 08:45:57.379251,1355.8102964964937,1375.7916952286332,1362.4748419240605,1370.0131559758488,1528714,10434923034.581852
2024-12-18 08:45:57.379251,1365.5567361108033,1370.0386000602375,1359.8622560445299,1367.9005488509379,8035655,6589234395.63802
2024-12-19 08:45:57.379251,1374.6759837677366,1378.5268688827036,1358.178171231037,1377.233788322803,9368352,7628732083.264021
2024-12-20 08:45:57.379251,1375.1091476057134,1400.5171227974838,1351.299226617208,1384.85514667791,3911190,8266769545.985729
2024-12-23 08:45:57.379251,1402.2908079008141,1413.6925975728502,1400.9594506299043,1407.7657262713758,9941047,2163234756.680552
2024-12-24 08:45:57.379251,1400.3126128126883,1443.890393483176,1382.423004369468,1408.1317986266238,5142535,2326819514.159411
2024-12-25 08:45:57.379251,1461.7629374001872,1451.2046605558292,1415.9998129876458,1449.0671497152762,1273452,8999151863.346828
2024-12-26 08:45:57.379251,1448.14045958331,1462.7713236786435,1419.8126036627166,1441.39703925542,5371047,13205448341.754963
2024-12-27 08:45:57.379251,1529.4765505501111,1544.9726709251897,1509.974176556908,1519.813914915343,8184872,4114960006.8177176
2024-12-30 08:45:57.379251,1544.3845336128595,1542.9842765455878,1529.5127827692022,1538.8318737401717,3189921,7989455049.944102
2024-12-31 08:45:57.379251,1503.9132664455526,1544.0314844374918,1511.9025261693341,1512.4514463675594,8427297,10718640553.70854
2025-01-01 08:45:57.379251,1476.1763861651834,1500.445415641997,1459.995020846541,1480.0579882156253,4198156,3662581098.7981505
2025-01-02 08:45:57.379251,1497.9961905126693,1529.5426530105676,1487.069186832914,1494.3397312611125,6801038,4257964158.556758
2025-01-03 08:45:57.379251,1478.57058461281,1509.744614789678,1461.3509696058893,1487.6611448896988,5822139,11340534630.146301
2025-01-06 08:45:57.379251,1514.2841950809893,1530.1979754266997,1482.0235309242892,1508.904960739556,5954582,3001718958.977785
2025-01-07 08:45:57.379251,1521.356070868636,1545.6340438642994,1512.5708916894419,1523.1863727261082,1762371,9480672979.017633
2025-01-08 08:45:57.379251,1518.1172808112071,1526.0926291723194,1516.3783723949273,1520.96773258012,4257945,6293919616.125259
2025-01-09 08:45:57.379251,1500.5239822082885,1507.5454553540246,1488.8551963162695,1495.208814153448,9279143,9210970742.841024
2025-01-10 08:45:57.379251,1453.1292615860705,1470.9687193541613,1444.2777276572042,1449.9085557045241,6661064,12210098971.160397
2025-01-13 08:45:57.379251,1434.3669682194934,1439.2317452226116,1424.314601984056,1436.9604387194847,4768950,13579794888.617508
2025-01-14 08:45:57.379251,1470.0448862005658,1490.8192903797133,1451.1610694363299,1461.5726624636827,1142980,9715340955.19333
2025-01-15 08:45:57.379251,1459.8968427682923,1481.0715241912812,1448.6471768508595,1467.8309337361868,7500785,9785899666.096989
2025-01-16 08:45:57.379251,1435.6680762118751,1438.1256230324182,1402.3635471266932,1431.260255441223,1257354,7612043167.74371
2025-01-17 08:45:57.379251,1440.4767072760985,1470.5358793961482,1433.4949663278173,1436.2175949646492,8863438,8929085430.1732
2025-01-20 08:45:57.379251,1445.045576472304,1456.84797806803,1405.1928270553813,1447.2855869728937,6954075,6086165874.334848
2025-01-21 08:45:57.379251,1424.0200237737624,1422.120490788912,1400.369113168405,1421.7017044058393,8972368,8955637401.058031
2025-01-22 08:45:57.379251,1417.15183454574,1437.8910921666613,1411.5750250101214,1426.0727293084935,3235883,14093306354.664118
2025-01-23 08:45:57.379251,1434.3292456302488,1432.5282703572934,1416.7270792550094,1427.7329266281702,1764265,10729338701.498514
2025-01-24 08:45:57.379251,1393.806019090885,1423.642398828998,1391.3377932144842,1395.0958000607545,7630840,8342864012.487921
2025-01-27 08:45:57.379251,1401.4064178864808,1407.718007255751,1397.6888093960547,1405.0787529354886,6668889,10843731807.82721
2025-01-28 08:45:57.379251,1428.2900405759888,1429.989414996447,1410.4118487784795,1420.8376813949885,1308617,13448012687.075994
2025-01-29 08:45:57.379251,1446.5023042321252,1454.2774141359232,1437.7939186041704,1451.614481738691,1744748,7882120022.778437
2025-01-30 08:45:57.379251,1471.7705997158707,1494.2879846662786,1457.5366655949697,1482.2087681310875,6087692,7249706898.453136
2025-01-31 08:45:57.379251,1430.1505114306278,1442.425276579863,1432.5083978204525,1441.3688957956551,1734275,4249243428.3082347
2025-02-03 08:45:57.379251,1418.6193609162626,1415.1950119999415,1409.2155759061438,1414.3338589510156,7214638,11805444720.664127
2025-02-04 08:45:57.379251,1419.7544518062327,1443.9486604060598,1414.4868616916287,1428.9024952903576,9987114,10832678427.290646
2025-02-05 08:45:57.379251,1456.251472982883,1457.9398080827273,1402.4458657611833,1443.5854958364291,6439296,8708661920.898088
2025-02-06 08:45:57.379251,1443.2737930945366,1489.1403702031719,1455.5541963720052,1458.4558032287396,7194224,2768633321.85482
2025-02-07 08:45:57.379251,1584.1608538033784,1612.0610623362381,1547.8741811139143,1570.8365752452894,9945326,13515283109.67514
2025-02-10 08:45:57.379251,1590.4483824494964,1618.4153170048621,1562.3886061216176,1588.7720891384354,7024293,7985076371.228606
2025-02-11 08:45:57.379251,1624.0694650201583,1641.7432481206592,1621.9211596448372,1624.8551890285066,7193367,15520283670.286545
2025-02-12 08:45:57.379251,1651.3459416050455,1673.7011840453097,1601.8930164445912,1655.8574833435923,6318331,9444770985.656765
2025-02-13 08:45:57.379251,1680.7773187773494,1699.9472959077273,1656.1073504972921,1677.4297049047773,9741022,4298443812.55318
2025-02-14 08:45:57.379251,1666.5392074269269,1674.227430729036,1653.4681651777598,1666.8528649847253,3963944,10415163441.570559
2025-02-17 08:45:57.379251,1701.4894525118814,1723.8252539189446,1689.8567206366706,1692.1546653770138,4948401,16170458423.22257
2025-02-18 08:45:57.379251,1666.951385769838,1682.8303989128085,1657.7036817197766,1665.999869530999,1124932,6238842975.419163
2025-02-19 08:45:57.379251,1659.355157745092,1665.0481154527379,1653.3710354573427,1658.1090741723717,6234259,15418990074.108343
2025-02-20 08:45:57.379251,1639.0280795620347,1662.5881254405765,1624.5394196823233,1642.0133601138132,9656691,4249233371.556368
2025-02-21 08:45:57.379251,1644.2338357854373,1697.624098781542,1633.9584483175913,1644.7021287282164,7850807,10167714674.712835
2025-02-24 08:45:57.379251,1723.4889950787503,1751.4956199152218,1707.5960067745457,1720.8406061659546,7280757,12977891515.461163
2025-02-25 08:45:57.379251,1642.410177335789,1664.2739108454377,1650.1259116545025,1656.575290848111,7784672,12186398994.664518
2025-02-26 08:45:57.379251,1667.9920037114682,1695.2767623415646,1660.7017233653241,1679.3121243374537,4877809,2677758903.0471573
2025-02-27 08:45:57.379251,1631.1866253041342,1635.2343238130024,1610.1461181817242,1625.1470580254493,5876709,13391071995.482712
2025-02-28 08:45:57.379251,1611.183187007241,1614.282047371965,1587.2197353916242,1609.8078843599262,3592316,15058476180.534813
2025-03-03 08:45:57.379251,1643.3547680642162,1648.070978038149,1618.0734524957547,1644.8679094934564,6895725,3273486168.909027
2025-03-04 08:45:57.379251,1647.1343541367369,1648.064903255198,1633.741715664441,1646.9825523060915,9677828,4488108157.179162
2025-03-05 08:45:57.379251,1614.2826237396894,1615.0353816321112,1591.9494562642608,1611.48201540432,6438757,14254960415.604612
2025-03-06 08:45:57.379251,1584.1411871043117,1611.3938233034737,1579.6768921659504,1588.4280341438314,3664749,2356340859.8263936
2025-03-07 08:45:57.379251,1603.7524538646117,1663.4025997044887,1565.6252477726541,1610.017876470809,7728926,10098394375.24712
2025-03-10 08:45:57.379251,1588.0533521017771,1599.766718965178,1581.1818787240093,1586.4998098019616,4999453,8106292170.674564
2025-03-11 08:45:57.379251,1585.5735004505816,1626.1070443579033,1585.0191867443127,1593.368040025998,8246813,12145871720.996817
2025-03-12 08:45:57.379251,1598.0757431906234,1596.932204325538,1594.355732566903,1594.8202942905561,3921989,4388621701.367869
2025-03-13 08:45:57.379251,1560.6369407164382,1634.944938274948,1566.8783440772008,1574.0365851279853,1984156,14931333083.03626
2025-03-14 08:45:57.379251,1649.9764605540881,1661.3183466313876,1621.832590169005,1641.5295137893247,4713543,7309425600.414298
2025-03-17 08:45:57.379251,1666.2695413987476,1703.2130265724852,1622.038547684521,1662.3414494790743,2203920,13083755937.24451
2025-03-18 08:45:57.379251,1597.0537325605526,1635.1511711695746,1569.8023405731744,1595.0118802209502,4108591,14416932772.489676
2025-03-19 08:45:57.379251,1608.8260610543969,1614.2539051179021,1575.3171736129773,1600.9598171644639,1747852,6230794723.940183
2025-03-20 08:45:57.379251,1592.9252787811074,1593.252881939419,1557.2509358070126,1579.7699464117136,6296990,13199872052.059536
2025-03-21 08:45:57.379251,1614.8518743997065,1645.948161767244,1565.4762052329672,1606.7029176843253,7928655,4192183545.5752587
2025-03-24 08:45:57.379251,1566.6817269064416,1590.2283665757777,1578.7586270454594,1581.236010029022,2821367,14094331363.033588
2025-03-25 08:45:57.379251,1567.514151059185,1582.425050721703,1573.6124859153117,1577.6075021708211,4372863,9148219340.335642
2025-03-26 08:45:57.379251,1588.5625666598003,1607.4449217931844,1591.8664717229901,1593.5409365672292,3899033,13286777007.299217
2025-03-27 08:45:57.379251,1621.3447487732178,1645.8091017825247,1592.8798699601732,1621.1332634263454,2578315,5395903160.116268
2025-03-28 08:45:57.379251,1586.311697898163,1597.6259190303686,1560.2073539724968,1582.2164547973603,8427210,2348441164.011442
2025-03-31 08:45:57.379251,1565.9283788268388,1600.4851317044106,1566.0119649809376,1571.6313876074082,9298852,13734276097.695202
2025-04-01 08:45:57.379251,1558.1563099862137,1557.4984757982145,1533.9312180286693,1556.7026084390577,7093073,9517256324.886904
2025-04-02 08:45:57.379251,1530.5591145373191,1554.1061841714568,1524.8138927496668,1536.361822028718,2349590,9811450877.005096
2025-04-03 08:45:57.379251,1585.7459222134037,1596.187282759384,1586.08609751021,1590.6093518948496,6366645,10572613348.063116
2025-04-04 08:45:57.379251,1592.2148517890066,1640.9157156266901,1579.4151542163888,1603.4927058308674,6629905,2768346774.9962893
2025-04-07 08:45:57.379251,1555.8410134579308,1570.8141080352475,1499.6767756913418,1563.0563413573586,4045529,1673193980.3384223
2025-04-08 08:45:57.379251,1580.9920219956557,1611.6512827140784,1575.5646221388579,1591.7497400940504,6440107,10267823644.437166
2025-04-09 08:45:57.379251,1651.2121973274507,1708.9319112129183,1643.028870782452,1659.3085715947273,8103260,13030387600.493378
2025-04-10 08:45:57.379251,1702.4942326940659,1703.0745175151098,1647.0675076185858,1693.5721407288534,8081530,6548123858.52606
2025-04-11 08:45:57.379251,1634.3138060457034,1672.3483802703458,1629.5171328305612,1642.1088878128562,3897706,5634062457.2148075
2025-04-14 08:45:57.379251,1647.6095584119312,1655.7124610466383,1592.6978183186227,1626.2055863161463,9282356,8642274443.8068
2025-04-15 08:45:57.379251,1671.5235639254274,1709.2437236507546,1663.972999124773,1667.4107460796163,4201473,10507308869.99442
2025-04-16 08:45:57.379251,1645.330411128355,1654.1430549610386,1620.3160443867823,1643.8112326467126,7507660,9717238871.157639
2025-04-17 08:45:57.379251,1651.2848271162866,1675.9402395401912,1618.2952493381933,1658.402339871785,2449991,10144337658.441277
2025-04-18 08:45:57.379251,1689.9923817737358,1685.504245146129,1650.8788169091752,1684.0954384068164,7039523,11108219411.53207
2025-04-21 08:45:57.379251,1648.117364973485,1666.717316837457,1612.2148138458745,1652.874650828718,6353966,15578378294.428333
2025-04-22 08:45:57.379251,1651.9140260057138,1652.7890591538307,1632.529140942475,1650.9068917863958,7747741,14698687722.14478
2025-04-23 08:45:57.379251,1563.6486769607852,1556.3629497645536,1542.1393655873044,1543.8862799895521,6168554,10637836547.23945
2025-04-24 08:45:57.379251,1511.529183924812,1533.139925334395,1475.9167948764152,1512.2555194926147,1424528,11896436299.10424
2025-04-25 08:45:57.379251,1513.262646311486,1508.4389143996666,1499.0631224271826,1504.6165678727675,8990001,13582959168.035902
2025-04-28 08:45:57.379251,1461.90982522257,1498.1780894846734,1448.5113631915128,1467.0678628988212,7450219,14601782188.010757
2025-04-29 08:45:57.379251,1514.6999944623333,1517.4925800535493,1465.6314917973677,1514.9650261594384,2650824,8878178327.137653
2025-04-30 08:45:57.379251,1484.6625837394513,1491.5860439820929,1467.7501529495319,1471.632742757962,6265481,6830055059.35643
2025-05-01 08:45:57.379251,1454.1083403814096,1474.774619262907,1455.9853174780105,1458.6810652600939,7702692,6391816440.079185
2025-05-02 08:45:57.379251,1475.7487283073824,1489.6119471502386,1450.3970702790537,1462.4952413510618,9527835,13792301222.780771
2025-05-05 08:45:57.379251,1509.9769509429932,1529.282982914332,1503.6682500363552,1504.6523478859735,2773055,4738124664.403017
2025-05-06 08:45:57.379251,1457.332815419285,1474.7961892985777,1424.2845766126463,1461.4428807457184,6192859,2592529521.1846285
2025-05-07 08:45:57.379251,1500.1694702063116,1519.9431650260533,1481.4737992801856,1495.4408284402855,1281854,2853869368.178872
2025-05-08 08:45:57.379251,1503.0203636384942,1502.8458914909093,1491.3806347543452,1495.7468871852575,7662314,8407282137.515798
2025-05-09 08:45:57.379251,1470.9441813652202,1493.0681431848916,1450.0538997441456,1466.38511699425,6830395,3428068202.185414
2025-05-12 08:45:57.379251,1468.3183775120685,1483.08353286745,1450.6342869169318,1479.93755013767,2657153,6054320921.984698
2025-05-13 08:45:57.379251,1480.4274592842146,1537.5213911667,1472.1947003538498,1485.8294685016328,8083610,11678170901.923347
2025-05-14 08:45:57.379251,1466.176291821677,1476.6538879683942,1467.1775236090941,1467.9930700301418,8842680,3690682845.3558493
2025-05-15 08:45:57.379251,1469.4953480687009,1474.2772548755659,1460.5760621648878,1470.042449570922,2806684,3537142640.0350738
2025-05-16 08:45:57.379251,1463.24081778381,1465.4775899535118,1443.5632410473513,1458.713902695249,2809858,14461125109.040356
2025-05-19 08:45:57.379251,1463.3247064314344,1464.95429278999,1431.1846054017788,1462.02568928955,1479083,3259524869.1921015
2025-05-20 08:45:57.379251,1471.4959233383001,1484.7747322918972,1479.5400580181538,1481.3867304058776,2901740,10808864209.069965
2025-05-21 08:45:57.379251,1531.2822436229617,1544.6106689855444,1493.8801197115167,1528.3768157186437,6648393,12352527886.609596
2025-05-22 08:45:57.379251,1495.0903574199833,1511.929889359839,1473.546440027333,1490.5398455077602,7284725,10971500111.06032
2025-05-23 08:45:57.379251,1558.4771982459752,1572.450185062697,1552.2054422194083,1554.1272702422214,8752950,8945551905.132416
2025-05-26 08:45:57.379251,1501.5218800856605,1523.2733886037654,1460.7996773925752,1493.4514125793203,7709914,3723997263.2885766
2025-05-27 08:45:57.379251,1495.1259467329962,1529.9271205823616,1482.0119360880087,1488.9177392875326,8395873,7404853948.729297
2025-05-28 08:45:57.379251,1509.8954867673528,1517.9157106632636,1489.4407158057384,1506.4368577887922,5584946,5177368892.391112
2025-05-29 08:45:57.379251,1514.3713167551682,1539.9751851314636,1507.650012579712,1514.9027879146918,9343199,14760700728.29844
2025-05-30 08:45:57.379251,1483.611914699778,1544.3482371694324,1465.9557672059675,1496.0362031425045,5301400,7240586329.670641
2025-06-02 08:45:57.379251,1493.0092802399413,1498.4926534541517,1447.9043014142283,1489.8090347182251,5641094,3227924541.252937
2025-06-03 08:45:57.379251,1476.6513105622548,1530.2815724295467,1472.5743316188784,1475.1194897866399,3707184,2479184647.5412426
2025-06-04 08:45:57.379251,1459.7112665598477,1457.8645674094168,1454.2303609201679,1457.7318209954046,8873491,9212468605.635647
2025-06-05 08:45:57.379251,1473.0377518124749,1501.1476207264739,1467.572719556766,1482.5016612356442,4770771,9504165452.510607
2025-06-06 08:45:57.379251,1485.016623937356,1494.9198577519396,1488.312364962416,1493.0871822562451,2540724,4500190149.802422
2025-06-09 08:45:57.379251,1480.1489821828277,1474.579764045758,1455.7877474672778,1472.395693553324,6875293,11903382738.717525
2025-06-10 08:45:57.379251,1498.5905896674442,1519.5509105465944,1491.7136460975562,1498.8870332035046,2965730,7527801890.263666
2025-06-11 08:45:57.379251,1513.2380317559696,1514.665620571195,1490.0918894353297,1508.099178546537,8343728,8501461213.600074
2025-06-12 08:45:57.379251,1532.8337185030202,1538.7638613601798,1507.880114570892,1532.6167124203896,8097037,8698395271.059458
2025-06-13 08:45:57.379251,1552.1472013259256,1559.4050272017241,1551.420197709201,1551.9163061354702,5062224,9148453509.69023
2025-06-16 08:45:57.379251,1533.345665215152,1541.4801399683006,1482.6621383930105,1526.1856886323717,2094316,4577766501.710403
2025-06-17 08:45:57.379251,1505.1931012488212,1531.5430543550465,1507.7137463240294,1509.0868829005353,5300915,7016113135.804016
2025-06-18 08:45:57.379251,1532.3776152999246,1535.6611368130573,1515.3661243716924,1531.6415024438747,7760403,8599349139.660051
2025-06-19 08:45:57.379251,1546.755454305756,1567.9137875123513,1515.1373171137134,1550.3388710517866,7620241,10614962504.682861
2025-06-20 08:45:57.379251,1546.3241059920556,1562.1621453492387,1507.776146010346,1549.6907799799953,2636675,11130993409.487133
2025-06-23 08:45:57.379251,1550.9259759136792,1574.2614246237047,1516.4169814539935,1553.3272032630514,1801849,2097095797.327738
2025-06-24 08:45:57.379251,1594.7891535710437,1593.6932331890769,1586.6367652417214,1593.0198360486995,2161068,4873660991.109851
2025-06-25 08:45:57.379251,1570.4039732075748,1574.3874599681208,1562.1598255578383,1574.1721369116124,8370131,13300485774.160774
2025-06-26 08:45:57.379251,1601.3886764159736,1617.318004404214,1553.652122285793,1591.3966459839162,2035891,5358744936.747852
2025-06-27 08:45:57.379251,1577.871682167937,1596.246946529036,1563.6822558365086,1584.9612718053982,1753494,3765305320.558135
2025-06-30 08:45:57.379251,1576.5864720530128,1578.6533572640903,1566.6264495662012,1578.0609462710954,9811785,11934680835.151903
2025-07-01 08:45:57.379251,1609.1938244091143,1632.522345479529,1609.1885993125031,1612.739683046849,8611432,11360130263.68359
2025-07-02 08:45:57.379251,1651.2239293889115,1673.549145952368,1599.7180867130921,1639.363317067822,4704697,13057045208.266666
2025-07-03 08:45:57.379251,1667.673410915733,1679.976055568564,1643.6235743800837,1666.036074174635,6277420,12715423895.223347
2025-07-04 08:45:57.379251,1718.355444624624,1709.8010424883867,1702.649629497335,1709.5355699104266,6327580,14798586113.251759
2025-07-07 08:45:57.379251,1697.5502805291096,1743.90729787247,1687.3912341011767,1710.253706197946,8272003,2129512140.7501354
2025-07-08 08:45:57.379251,1735.8947230737658,1761.2768536217152,1677.6247973300406,1733.5799581301444,2760511,8360582870.733117
2025-07-09 08:45:57.379251,1730.4858933291234,1730.710233397189,1704.2379105761884,1722.822513512055,4541815,3866633936.4259157
2025-07-10 08:45:57.379251,1734.7055342671886,1749.845475789707,1728.5006627110397,1733.9921353158584,9434610,14263113570.309177
2025-07-11 08:45:57.379251,1738.6924232350825,1734.3292382169195,1703.8692037800947,1729.4787946610675,8389844,10326387552.471453
2025-07-14 08:45:57.379251,1728.3519692864181,1734.3063175603063,1729.4221462310354,1732.8338439535191,5610146,7016791809.662488
2025-07-15 08:45:57.379251,1765.8161805498742,1767.391934601147,1751.4386581259994,1753.4600086763946,5139289,13365880425.636469
2025-07-16 08:45:57.379251,1744.590966490348,1726.5895718259492,1718.948305599289,1724.7656637499595,6351826,14666158474.1891
2025-07-17 08:45:57.379251,1793.683216864721,1810.0564557609575,1779.422952374859,1796.9432183173515,7390459,14856779719.006727
2025-07-18 08:45:57.379251,1756.865918411136,1762.4909828249502,1756.333619012203,1760.7880960934463,2784006,6974275636.418898
2025-07-21 08:45:57.379251,1730.514306147827,1768.9381670984985,1706.6405127533255,1718.0295189772692,7072310,3275337376.4542146
2025-07-22 08:45:57.379251,1771.7059327048507,1782.5906711979574,1729.071965414368,1757.8228923157023,5913478,2253775043.1536546
2025-07-23 08:45:57.379251,1780.9867104703596,1789.5143082977636,1747.8633726572923,1785.65494844451,9303143,16451349750.626074
2025-07-24 08:45:57.379251,1804.1458296423111,1840.7501101731789,1805.2705736082241,1807.9442012393395,7353300,2818550658.792307
2025-07-25 08:45:57.379251,1828.0852082730303,1847.1384968270893,1830.1468636103236,1830.6644736363223,6968333,17386831032.9136
2025-07-28 08:45:57.379251,1817.9129042834184,1872.2401507913728,1810.7732976246457,1830.2160789969714,7210958,5120064255.099528
2025-07-29 08:45:57.379251,1789.1168918363344,1830.2312304883167,1791.0850468610388,1797.3726914440977,7601457,8766847066.060816
2025-07-30 08:45:57.379251,1791.0599150153266,1805.860942526742,1774.361586758422,1800.0976722997852,7679155,15631412751.773014
2025-07-31 08:45:57.379251,1768.9015660764078,1815.4251782046529,1768.070752387223,1775.7185278865154,6737580,8374162501.497327
2025-08-01 08:45:57.379251,1810.0353326307477,1814.3863918243533,1793.7184079288186,1810.349291437269,6525724,9760318980.204184
2025-08-04 08:45:57.379251,1807.1386038976473,1814.1515149070199,1795.2369445559275,1805.0247869092086,7025095,7090317865.458062
2025-08-05 08:45:57.379251,1788.9863567573939,1791.5578351698161,1744.7683769047694,1775.2239288745175,1225391,5242841613.326197
2025-08-06 08:45:57.379251,1755.0087415078342,1771.8157929469178,1760.9411063638413,1763.81329214444,7698541,3481303555.797291
2025-08-07 08:45:57.379251,1787.1324680970758,1788.7348600951032,1777.4935386529291,1778.3799719003573,1191387,11440320137.614971
2025-08-08 08:45:57.379251,1756.4483281726912,1762.824361244141,1752.8405722231855,1758.329642812856,4632632,8620928472.384295
2025-08-11 08:45:57.379251,1728.9872365283604,1733.580438582033,1726.0805325094489,1729.4149529238605,5608474,13267428176.46937
2025-08-12 08:45:57.379251,1743.7073330165497,1737.9230816747183,1688.7882870413923,1737.8436790716694,3535394,15472887720.92725
2025-08-13 08:45:57.379251,1736.5545785685729,1757.8037079192627,1731.9838996304222,1746.3579512153724,6596526,12333012117.090471
2025-08-14 08:45:57.379251,1731.9571329200844,1759.5250598883165,1726.2444186383693,1728.6518663128977,4291070,11579578507.41717
2025-08-15 08:45:57.379251,1713.7917774343077,1736.7564137765223,1708.260650094617,1712.3666413906583,1686268,14796368363.192842
2025-08-18 08:45:57.379251,1724.549586189127,1758.6310883326103,1693.794877960705,1720.3137328280184,1801955,2229296075.7049127
2025-08-19 08:45:57.379251,1672.9058126767486,1734.485061886061,1638.7752505304245,1670.4905452485968,3013148,12089161333.475754
2025-08-20 08:45:57.379251,1643.3979459360849,1646.2200161014619,1602.3743466527956,1623.467446691078,7835735,12699741318.887968
2025-08-21 08:45:57.379251,1595.0376641922296,1632.9479904160048,1576.871021464267,1600.1400305817451,5467223,13202065731.976799
2025-08-22 08:45:57.379251,1589.078912478434,1598.680935428129,1583.0993338273731,1593.3091239443895,3444291,4470057426.7902155
2025-08-25 08:45:57.379251,1598.2214151043197,1631.35572989098,1587.6759262825335,1603.2165611638022,1147745,7412351529.298752
2025-08-26 08:45:57.379251,1645.9387331273354,1695.1360204717778,1606.5700030902317,1650.5228715763922,4792824,7591641017.161864
2025-08-27 08:45:57.379251,1673.4842702185758,1692.4700035651051,1648.7758257197456,1678.8346080588428,1137686,12627671804.25551
2025-08-28 08:45:57.379251,1683.4132854602212,1692.5206883106937,1650.3918244412746,1673.4644012735498,6250295,12868201574.528234
2025-08-29 08:45:57.379251,1684.7092383253114,1687.2939829448308,1647.7209114306868,1672.8279423341025,5151923,12209872454.248016
2025-09-01 08:45:57.379251,1634.6086754382552,1702.9986794986883,1622.7966772081693,1639.286759650571,6679980,11491767385.384665
2025-09-02 08:45:57.379251,1631.8599715856626,1652.1065889661654,1604.4527216338786,1638.6797928763322,6149534,8343641321.191527
2025-09-03 08:45:57.379251,1633.059608179856,1638.794431669005,1623.1087017738787,1629.21941130358,4314344,15633924302.092703
2025-09-04 08:45:57.379251,1635.2075008989016,1676.1103440389659,1632.634282446249,1639.7349981613952,1049976,1942289061.6121469
2025-09-05 08:45:57.379251,1617.7095564586955,1617.0415177401221,1606.3092583697817,1612.6062075672987,3522620,12476006942.548578
2025-09-08 08:45:57.379251,1631.0094052692532,1629.7304137954663,1626.0736840405666,1629.3562358221736,3027320,3680103098.7776213
2025-09-09 08:45:57.379251,1666.5768157534797,1693.8958860993187,1658.879888847481,1679.3037899379347,2812105,11637489619.7766
2025-09-10 08:45:57.379251,1688.6163562549518,1678.6565877409384,1655.7068112629922,1675.6509633479782,6761703,13902860962.039505
2025-09-11 08:45:57.379251,1704.280742463846,1713.7678948234513,1644.8115006677642,1689.1135360304436,2947238,9769368186.177677
2025-09-12 08:45:57.379251,1707.1813841240112,1743.1638083473197,1678.9243326219796,1712.42816719463,7330034,13136384093.467947
2025-09-15 08:45:57.379251,1695.3940245612307,1702.7263241837738,1656.3261409683626,1698.6869424483814,5809045,6370118501.354991
2025-09-16 08:45:57.379251,1708.7390627729808,1706.9990480226054,1679.8726949492834,1706.3002019034252,9597467,14990608283.611639
2025-09-17 08:45:57.379251,1709.5840672925399,1730.622475603384,1677.885209529953,1706.7299302233537,7402891,11495901319.910328
2025-09-18 08:45:57.379251,1715.694829118932,1721.434680364402,1682.079727319965,1710.0640646405684,8031845,6715385670.498155
2025-09-19 08:45:57.379251,1700.5483041176876,1705.9712942464487,1673.251274475128,1683.6261395808324,6394418,5916934021.316738
2025-09-22 08:45:57.379251,1682.961163904617,1688.8212476266415,1656.5138713516747,1684.451458982193,1045475,3293447914.8592787
2025-09-23 08:45:57.379251,1694.4381076765055,1744.908647673344,1695.7440910953899,1701.2285379473735,9080552,13041956516.383617
2025-09-24 08:45:57.379251,1738.5298738932966,1786.627891730368,1742.5143898296128,1750.6030763121905,4303364,3442821789.4262934
2025-09-25 08:45:57.379251,1777.6685383516049,1827.3726059865796,1763.3231978466226,1784.1891254954164,6396364,15154850690.473427
2025-09-26 08:45:57.379251,1860.7145697510284,1902.0910432872918,1824.4451028465326,1861.0228200134088,4239254,11130663964.108177
2025-09-29 08:45:57.379251,1848.9040871107345,1838.2154581179338,1794.0987346187896,1832.4617935050821,2099577,15715423231.285566
2025-09-30 08:45:57.379251,1859.6064237598362,1883.1432844100282,1848.70982011563,1864.4316782746157,7483485,11301252617.861584
2025-10-01 08:45:57.379251,1873.3620875882073,1900.457360529853,1865.3955973970112,1871.2682511437554,5623037,4117785667.22587
2025-10-02 08:45:57.379251,1953.0620374031053,1970.9659530469764,1903.9004868191262,1953.2224252475894,7959972,16595138299.739565
2025-10-03 08:45:57.379251,1933.0650585549138,1974.280881564762,1898.4177352121242,1921.6466985026923,8232024,11901484386.279207
2025-10-06 08:45:57.379251,1913.2453230327064,1908.5865543148248,1862.0292445363248,1889.3737243889464,2602970,2766916023.1660852
2025-10-07 08:45:57.379251,1861.7692621901963,1880.3861305141725,1821.486477023871,1866.7241900910678,9191922,10955660533.88184
2025-10-08 08:45:57.379251,1783.055446743395,1845.2701892064078,1754.3349631874526,1787.4296395750657,9274125,15962141703.355682
2025-10-09 08:45:57.379251,1777.8683328679087,1784.7039632950919,1752.9168452445506,1768.6346373969131,2531064,12399108631.74148
2025-10-10 08:45:57.379251,1747.7206028598594,1761.1705972139719,1741.0921748942142,1741.7820710048497,5411887,9760290074.07041
2025-10-13 08:45:57.379251,1763.1523186636527,1754.864191975228,1739.6794230372925,1747.0211350223456,9615797,15657442821.80568
2025-10-14 08:45:57.379251,1764.0977714010735,1793.3079397596384,1737.6013030443562,1758.9622332764034,3076198,2241858929.9889407
2025-10-15 08:45:57.379251,1821.6860296981702,1867.7100439159017,1813.356060943968,1824.9645062635082,8466511,11206575968.292881
2025-10-16 08:45:57.379251,1865.1463706589452,1860.5470514776578,1846.436640974181,1859.6543016754338,2468919,6471628583.953638
2025-10-17 08:45:57.379251,1848.3875549856398,1858.971436773653,1837.7989824599244,1838.1974743773364,4281941,10691193638.452784
2025-10-20 08:45:57.379251,1812.5737445032441,1817.6231090799954,1790.3761784683684,1805.1682027810145,4410580,16621308262.795134
2025-10-21 08:45:57.379251,1827.5517602451162,1841.459535989439,1822.752529670465,1822.9281397158531,5999111,3495413665.9172363
2025-10-22 08:45:57.379251,1784.2599754133862,1828.3945586335437,1763.1769063425427,1774.7943344345485,4685104,8251514028.405523
2025-10-23 08:45:57.379251,1850.5599583716842,1843.5715601410357,1836.7786796053965,1839.8035872623245,8659791,11068698094.0275
2025-10-24 08:45:57.379251,1896.2167758674796,1893.5219666257444,1880.7062705764333,1883.202350563607,2420858,7949243821.236909
2025-10-27 08:45:57.379251,1871.5822397352272,1870.6992001034462,1855.1772894003952,1865.5312967461914,2748982,18612745274.33276
2025-10-28 08:45:57.379251,1800.1077644785526,1838.018182232297,1794.6194192123903,1801.61317515508,7563614,6186988266.100716
2025-10-29 08:45:57.379251,1851.7536535748595,1877.364326054741,1806.0243000792075,1850.3962612905777,5896799,17566801670.431244
2025-10-30 08:45:57.379251,1857.2944064204191,1879.3996741768995,1830.6241955922676,1846.1573792620927,9466685,16216413803.608435
2025-10-31 08:45:57.379251,1884.133808102318,1910.5027481149743,1883.4763362727122,1891.8614536325088,8479816,14360794894.35435
2025-11-03 08:45:57.379251,1834.9089152246077,1860.2945050049614,1812.3853070290058,1831.5327290669372,7007509,9556370005.125267
2025-11-04 08:45:57.379251,1806.018344844836,1824.1439486543618,1800.5161474243655,1809.5772296364353,5445818,8414327826.005245
2025-11-05 08:45:57.379251,1810.027114389497,1841.9547311202618,1777.920773261547,1809.7670072286169,6122964,11823797842.268911
2025-11-06 08:45:57.379251,1823.0468557064946,1831.002893991298,1801.423563611925,1811.4674858001258,7433636,9866085202.710953
2025-11-07 08:45:57.379251,1796.8771752751331,1821.9829093771339,1792.2725356178728,1795.161906438807,5095077,14888548664.726784
2025-11-10 08:45:57.379251,1817.9462336368929,1838.156637104402,1805.3181904262742,1817.5242358783712,7263998,10985261883.587746
2025-11-11 08:45:57.379251,1766.6217283301594,1816.6506704428098,1736.8035842876084,1778.7157157759364,5630232,3474048796.2277284
2025-11-12 08:45:57.379251,1780.2686288852933,1813.5932846363712,1743.6732851957458,1773.6506632237074,1920114,10045521038.435926
2025-11-13 08:45:57.379251,1783.6560012001337,1786.5233857417156,1746.0774019504008,1777.9179117630817,9990499,9809772309.063334
2025-11-14 08:45:57.379251,1815.6388164865882,1802.9687456288032,1792.3591737729416,1796.210512114673,9147047,13543750579.236816
2025-11-17 08:45:57.379251,1818.9712015759637,1858.069772162322,1774.4309343256007,1821.774714606682,3182926,17312684002.526077
2025-11-18 08:45:57.379251,1782.7491362220915,1795.655821945334,1721.1954074103962,1780.79782408883,3485670,3907038371.6900597
2025-11-19 08:45:57.379251,1728.311259847336,1737.962901440497,1709.6382169209232,1726.1588805458334,4344250,16540825986.40978
2025-11-20 08:45:57.379251,1784.2309224272442,1827.7578711484612,1756.968907605678,1770.268344397587,5023278,13550968690.350807
2025-11-21 08:45:57.379251,1781.1849444989994,1799.2356148299798,1733.890850954017,1782.0340439137317,1537977,2684550531.555973
2025-11-24 08:45:57.379251,1757.8063867261449,1779.7878406769091,1741.06867646703,1755.3574741226346,4668280,13251007504.259512
2025-11-25 08:45:57.379251,1815.314896461615,1811.3617456702725,1788.4278674686036,1809.8139983973058,3723408,6348362384.1801605
2025-11-26 08:45:57.379251,1815.6935355159592,1821.3093897412014,1797.1077174788004,1814.00098984536,5784808,4636243683.857659
2025-11-27 08:45:57.379251,1852.6412567921666,1899.356494715587,1852.1028089189194,1856.7859150296324,7637640,11284055649.246252
2025-11-28 08:45:57.379251,1861.097613415775,1873.4564963359962,1846.1269398804982,1859.2932623353622,7837388,13357863750.177143
2025-12-01 08:45:57.379251,1946.3163041050811,1951.5554611081436,1878.447348163244,1935.9239569774554,5654419,9380469199.51138
2025-12-02 08:45:57.379251,1993.6029758817797,2036.1258548793178,1981.4071580077411,2003.888084768391,9430899,9868110803.456415
2025-12-03 08:45:57.379251,1995.2358068755284,2004.8254032795653,1961.8258607003963,1993.9101589549566,5622580,8439129040.089224
2025-12-04 08:45:57.379251,2025.5391435451877,2058.242014390022,2025.3600689318032,2032.654662740025,5589058,12089815272.42647
2025-12-05 08:45:57.379251,2071.193546290961,2091.1584180969157,1994.8365333180705,2058.8911914029154,8245136,10892969449.68183
2025-12-08 08:45:57.379251,2099.138866787024,2177.6384517934803,2086.077557934205,2115.2484605645036,9379966,16682837693.564606
2025-12-09 08:45:57.379251,2068.630189292069,2138.409189530727,1995.6939366432243,2074.427403273411,3122827,9982165408.825687
2025-12-10 08:45:57.379251,2106.8568589334714,2137.6895811397358,2093.869148047816,2102.8906822469407,8432300,5211133444.753181
2025-12-11 08:45:57.379251,2164.2147782076445,2154.5325214654836,2111.942597102893,2147.4057020721007,8637174,5520741697.994441
2025-12-12 08:45:57.379251,2071.19002769226,2080.4739804230394,2011.0095039227026,2071.8711580400136,1708672,17348547942.339825
2025-12-15 08:45:57.379251,2017.2245753604086,2032.167492692694,1985.5322432906466,2022.8399743420628,7921154,8236276153.130116
2025-12-16 08:45:57.379251,1958.5895807250618,1964.0812699715846,1925.8826926631994,1940.3391670193075,9725977,12134830701.720407
2025-12-17 08:45:57.379251,1915.9118575080197,1954.7935692025635,1916.4144238076676,1929.8843543645985,5507167,3765053844.385691
2025-12-18 08:45:57.379251,1936.0581349177965,1974.7011352852712,1954.4687904112427,1957.579825825721,3227039,5255023205.85803
2025-12-19 08:45:57.379251,2020.835727545023,2021.4542650622984,1936.4187137946863,2016.3995029531245,1296063,19869999949.201675
2025-12-22 08:45:57.379251,2014.3183861541277,2027.947173226947,1973.8614019348104,2019.3875965213217,2383875,13637673632.106794
2025-12-23 08:45:57.379251,2074.5165290805903,2092.942142862377,2077.2273861295744,2085.163717165891,7625169,5073795510.360288
2025-12-24 08:45:57.379251,2034.7903168557555,2076.494991987855,2013.3844843961651,2027.608967432342,2876336,4293206509.808088
2025-12-25 08:45:57.379251,1960.9205560875491,1972.9569576428562,1926.6348704432116,1958.533097252276,8541586,7833368561.101176
2025-12-26 08:45:57.379251,1950.8395605028393,1977.9225094644605,1953.4819063164516,1956.3572571169714,4956778,6453545240.058152
2025-12-29 08:45:57.379251,1958.7647795406904,1990.9865509664196,1962.2753501451746,1971.3846416817773,3887757,15968318109.623764
2025-12-30 08:45:57.379251,1978.6896847542662,2004.7733977990367,1958.5217866215005,1970.0955631966503,3468665,7462932793.614174
2025-12-31 08:45:57.379251,1894.7743545629583,1893.7626461522689,1881.0101570676723,1888.6343930275596,7472973,17788792382.283524
2026-01-01 08:45:57.379251,1884.3332241367175,1921.94122792861,1875.5629479090721,1885.268089592923,1692924,10560764700.783453
2026-01-02 08:45:57.379251,1853.0354853697731,1847.0904965053846,1818.9637352011414,1836.0825951299423,3570115,15007913294.432947
2026-01-05 08:45:57.379251,1850.7186824304174,1878.8535206675963,1850.358211791812,1860.674077356805,2661655,3693916236.7911386
2026-01-06 08:45:57.379251,1860.0198896230852,1889.1783987520191,1863.7143922111075,1874.3164744231424,8499066,3938439355.261693
2026-01-07 08:45:57.379251,1832.7214463537903,1855.2594198635643,1838.2765795608327,1839.083831073329,5672412,2609345472.9579406
2026-01-08 08:45:57.379251,1819.768069846038,1853.9914701958419,1789.438682380289,1820.1829442933808,4100498,14635919957.866312
2026-01-09 08:45:57.379251,1783.791393201337,1782.192165732878,1780.250232418245,1781.623696555237,8181479,7908235631.795455
2026-01-12 08:45:57.379251,1777.2440197666108,1787.633302191398,1732.0665340150736,1779.3902852556255,4811666,15156401602.236103
2026-01-13 08:45:57.379251,1816.5737586535395,1859.6831861462747,1779.0565241482218,1813.381704578354,4819712,4618561704.986861
2026-01-14 08:45:57.379251,1766.5078719123721,1784.0513104628037,1753.4808755491542,1777.6317530153294,2033668,17267802857.99047
2026-01-15 08:45:57.379251,1808.513706476404,1865.6237920773647,1777.9438636205914,1795.5519348349542,8712079,7103474582.549239
2026-01-16 08:45:57.379251,1775.7801211013345,1791.5793346740243,1760.636860792433,1776.509832982362,6604327,3956681783.2346425
2026-01-19 08:45:57.379251,1758.1059641816096,1794.5150558492082,1712.2941514572003,1748.3389053259893,3473199,4447445487.435116
2026-01-20 08:45:57.379251,1747.5859855035872,1764.3105546638446,1688.7080553483283,1744.5963984787975,9271330,15406597089.629402
2026-01-21 08:45:57.379251,1712.376554752881,1718.242790352785,1628.0633335537025,1708.474797933884,9686283,13385954713.005516
2026-01-22 08:45:57.379251,1694.3701513745366,1722.2435398241848,1662.7928595171932,1689.556880232299,1708175,3151456108.1945767
2026-01-23 08:45:57.379251,1652.7707579528717,1665.7311642309753,1643.5571437026579,1649.0792235302656,2867306,14757189456.170347
2026-01-26 08:45:57.379251,1719.3867165761574,1717.438423454414,1712.467746363333,1713.8789714630689,9652233,1715450598.4799006
2026-01-27 08:45:57.379251,1726.4857865833544,1746.5844037391455,1707.7414663561174,1715.087720666738,1842840,14242088432.416594
2026-01-28 08:45:57.379251,1692.7475790384922,1696.3880524078631,1677.8669662091509,1691.0859081348303,5394643,13783036732.17757
2026-01-29 08:45:57.379251,1704.343663581884,1719.9899540827641,1681.8863085853916,1698.3230763681622,6889118,13703651718.922432
2026-01-30 08:45:57.379251,1693.7474008697134,1709.2632117385983,1680.3855493863612,1694.5076899898947,6128643,9274798032.25212
2026-02-02 08:45:57.379251,1699.1665217732755,1701.9131405124708,1684.7521316119792,1687.0189962766342,1125355,16280912540.347918
2026-02-03 08:45:57.379251,1701.965699018166,1750.5176852584336,1702.6861697715246,1707.7412140737101,5222102,16721800649.024462
2026-02-04 08:45:57.379251,1749.2244323506154,1743.8768767050271,1729.6800151185619,1733.6137568022375,1615937,13655524737.934383
2026-02-05 08:45:57.379251,1714.8756764367074,1745.9881145835643,1710.2054161234753,1715.220075052298,2375607,12246664474.993107
2026-02-06 08:45:57.379251,1683.3378152626049,1706.7741120476157,1666.632928587516,1695.4669749335967,1019477,14509421500.47841
2026-02-09 08:45:57.379251,1687.2201635443396,1716.4054795348206,1671.12785621244,1686.1401535551956,4556210,16250804660.165474
2026-02-10 08:45:57.379251,1603.035517482368,1623.225574626305,1537.5681228265005,1608.5129194316112,7508856,14054827191.612385
2026-02-11 08:45:57.379251,1566.324879482909,1562.9043684443777,1544.4230276361882,1559.7688314525378,3487111,13342510587.48921
2026-02-12 08:45:57.379251,1597.1801363755742,1602.762036459028,1597.7282835964247,1602.4089890300277,3009606,12123493109.93147
2026-02-13 08:45:57.379251,1651.4347583406736,1674.61380837212,1654.6627294677046,1655.1272100456003,2559757,3947183783.3153687
2026-02-16 08:45:57.379251,1631.3242164322273,1662.8981186265453,1637.2858141869347,1646.8834835385653,8315830,4623463985.4531355
2026-02-17 08:45:57.379251,1662.1064998143133,1668.8961918421403,1637.7844752768015,1665.8739263340792,7156738,4914164827.040753
2026-02-18 08:45:57.379251,1655.9289308248838,1686.79257778215,1652.4197135171546,1676.2439966745098,4432207,14256775354.32007
2026-02-19 08:45:57.379251,1765.3706229172376,1803.151999917867,1758.8334966761013,1779.4631061074992,7171638,17291806391.71909
2026-02-20 08:45:57.379251,1826.2250932461932,1831.2460215566966,1808.1996491587654,1819.3079510959271,2881297,2262995316.2853484
2026-02-23 08:45:57.379251,1821.7832963951612,1834.3165993908435,1788.2052165485827,1814.6535212706074,7083059,7884716730.912342
2026-02-24 08:45:57.379251,1783.7605418086537,1789.928524659989,1743.1387573042812,1779.9740247655668,5529275,3418901127.8346853
2026-02-25 08:45:57.379251,1714.4559085566316,1767.4131911904592,1706.5898813330182,1722.7853703207927,9519792,4757246115.257357
2026-02-26 08:45:57.379251,1729.383199295905,1740.1651890798041,1707.4193840326636,1729.795853826079,2135627,11739384107.292162
2026-02-27 08:45:57.379251,1703.598519207403,1709.3708980759977,1679.272631195058,1703.6292061614581,1245300,14586745843.82739
2026-03-02 08:45:57.379251,1645.5828983656427,1678.3232833697127,1642.4306981005777,1655.1693469966165,9972618,15536030248.399284
2026-03-03 08:45:57.379251,1646.0465967268897,1668.5247516505767,1615.9960463842745,1633.765594624668,1092036,4670930933.735142
2026-03-04 08:45:57.379251,1605.4376683431437,1640.643506521213,1586.0495868649236,1598.4256762798643,6995802,9558983552.146982
2026-03-05 08:45:57.379251,1650.5355234485899,1690.1751133429002,1636.4616980758765,1652.3610864602797,7439051,9873629144.227549
2026-03-06 08:45:57.379251,1681.7228732588108,1713.3422985251043,1670.602685141913,1681.4968309934711,1853392,4084843436.5641294
2026-03-09 08:45:57.379251,1682.9804073698965,1695.1457079651334,1661.043639448881,1681.2287115713002,7015877,10404715957.337866
2026-03-10 08:45:57.379251,1713.3200776459632,1797.4145100178641,1711.406128280229,1730.9912031277718,9670304,5401923288.504072
2026-03-11 08:45:57.379251,1731.5270606578579,1748.342964636391,1702.7519343566441,1733.6696803265502,4662340,2637334599.1786823
2026-03-12 08:45:57.379251,1697.9961898219453,1708.5226285669264,1685.7038486731126,1703.8060342068086,1154692,12388835406.152975
2026-03-13 08:45:57.379251,1746.9154317871241,1796.3206202792167,1746.4525866141266,1755.708194080763,9362101,4213294097.2009983
2026-03-16 08:45:57.379251,1772.137322402157,1828.0327062374838,1746.1447337140269,1774.6315696721545,5457335,14043979936.703594
2026-03-17 08:45:57.379251,1753.4372250560987,1791.55471287179,1737.1256378348558,1737.8169742523792,2657888,12024579521.145967
2026-03-18 08:45:57.379251,1736.7486391485404,1762.580379977586,1708.3009577738255,1731.2014985397705,3585917,17098486861.36631
2026-03-19 08:45:57.379251,1696.026519679133,1727.0112403810424,1696.7236958819221,1700.884065891601,9110129,3105443511.591699
2026-03-20 08:45:57.379251,1658.5792395221652,1668.5436361940717,1635.365129019514,1653.8444253172725,7147560,2380608165.734269
